Metric,Value
Control Conversion Rate,0.1203863045004612
Treatment Conversion Rate,0.11880561271187023
Conversion Difference,-0.0015806917885909655
P-value,0.18919289246960475
CI Lower Bound,-0.003940341944692083
CI Upper Bound,0.0007789583675101527
Result,Not Significant
